{"cameraMode":{"drawMode":0,"name":"Shaded","section":"Shading Mode"},"sceneLighting":true,"audioPlay":false,"sceneViewState":{"m_AlwaysRefresh":false,"showFog":true,"showSkybox":true,"showFlares":true,"showImageEffects":true,"showParticleSystems":true,"showVisualEffectGraphs":true,"m_FxEnabled":true},"in2DMode":false,"pivot":{"x":1.2623828649520875,"y":1.048661231994629,"z":1.9000523090362549},"rotation":{"x":0.6411358714103699,"y":-0.005755335092544556,"z":0.004809308797121048,"w":0.7673925757408142},"size":6.32503604888916,"orthographic":false}